{"cameraMode":{"drawMode":0,"name":"Shaded","section":"Shading Mode"},"sceneLighting":true,"audioPlay":false,"sceneViewState":{"showFog":true,"showMaterialUpdate":true,"showSkybox":true,"showFlares":true,"showImageEffects":true,"showParticleSystems":true},"in2DMode":false,"pivot":{"x":-6.121070861816406,"y":-5.685173034667969,"z":3.144296646118164},"rotation":{"x":-0.2719588875770569,"y":-0.7160869836807251,"z":0.3708954155445099,"w":-0.5250830054283142},"size":50.14883804321289,"orthographic":false}