{"cameraMode":{"drawMode":0,"name":"Shaded","section":"Shading Mode"},"sceneLighting":true,"audioPlay":false,"sceneViewState":{"showFog":true,"showMaterialUpdate":true,"showSkybox":true,"showFlares":true,"showImageEffects":true,"showParticleSystems":true},"in2DMode":false,"pivot":{"x":7.021760940551758,"y":-1.1555500030517579,"z":-2.551569938659668},"rotation":{"x":-0.47078341245651247,"y":0.2947135269641876,"z":-0.17046666145324708,"w":-0.8139164447784424},"size":27.824615478515626,"orthographic":false}