{"cameraMode":{"drawMode":0,"name":"Shaded","section":"Shading Mode"},"sceneLighting":true,"audioPlay":false,"sceneViewState":{"showFog":true,"showMaterialUpdate":true,"showSkybox":true,"showFlares":true,"showImageEffects":true,"showParticleSystems":true},"in2DMode":false,"pivot":{"x":-50.39607238769531,"y":1.3278783559799195,"z":23.208993911743165},"rotation":{"x":-0.0005679872119799256,"y":0.9983510971069336,"z":0.025499895215034486,"w":0.055754538625478747},"size":2.06490159034729,"orthographic":false}